redemption_request_id,investment_id,fund_id,investor_class,investor_id,request_date,redemption_percentage,requested_amount,status,processing_date,approved_amount,rejection_reason,holding_period_months
RED000001,INV002125,FUND018,Institutional,IN_6839,2021-01-25,100.0,881354.0,Rejected,2021-02-18,0.0,Documentation incomplete,6.6
RED000002,INV001701,FUND015,ClassB,CB_4554,2024-12-22,50.0,739184.0,Pending,,,,31.5
RED000003,INV001420,FUND013,ClassA,CA_1532,2024-06-16,50.0,165541.0,Rejected,2024-07-02,0.0,Market stress deferral,4.4
RED000004,INV003223,FUND028,ClassA,CA_7156,2022-03-21,100.0,282388.0,Approved,2022-04-08,282388.0,,14.9
RED000005,INV001295,FUND011,Institutional,IN_9816,2021-11-26,25.0,957623.0,Pending,,,,7.8
RED000006,INV000227,FUND003,ClassA,CA_1732,2024-08-10,100.0,108781.0,Pending,,,,4.0
RED000007,INV003171,FUND027,Institutional,IN_2737,2023-01-28,100.0,2354121.0,Rejected,2023-02-23,0.0,Inadequate notice period,3.1
RED000008,INV001797,FUND016,ClassA,CA_4386,2024-02-02,50.0,159944.0,Approved,2024-03-05,159944.0,,2.9
RED000009,INV003033,FUND026,ClassB,CB_7917,2024-06-04,100.0,376733.0,Approved,2024-07-16,376733.0,,52.8
RED000010,INV002925,FUND025,Institutional,IN_6742,2022-12-18,100.0,12351748.0,Approved,2023-01-29,12351748.0,,15.6
RED000011,INV003168,FUND027,Institutional,IN_2737,2022-09-08,100.0,6593824.0,Rejected,2022-09-16,0.0,Market stress deferral,2.3
RED000012,INV002199,FUND019,ClassB,CB_8443,2022-08-22,75.0,196790.0,Pending,,,,2.4
RED000013,INV000893,FUND008,Institutional,IN_7800,2024-12-12,50.0,2869384.0,Approved,2025-01-04,2869384.0,,2.2
RED000014,INV000889,FUND008,Institutional,IN_1926,2024-10-10,100.0,8043619.0,Approved,2024-11-16,8043619.0,,54.3
RED000015,INV000915,FUND008,Institutional,IN_1926,2024-01-08,75.0,7644039.0,Rejected,2024-01-21,0.0,Fund gate limit exceeded,8.1
RED000016,INV002230,FUND019,Institutional,IN_5569,2024-10-13,25.0,2194824.0,Pending,,,,1.3
RED000017,INV002307,FUND020,ClassB,CB_6029,2024-10-12,100.0,785635.0,Pending,,,,38.4
RED000018,INV001608,FUND014,ClassB,CB_8688,2024-12-18,100.0,706445.0,Rejected,2025-01-08,0.0,Investment period restriction,2.0
RED000019,INV001749,FUND015,Institutional,IN_6582,2022-02-17,50.0,4221336.0,Pending,,,,18.9
RED000020,INV002637,FUND023,ClassA,CA_9249,2024-03-01,50.0,184599.0,Pending,,,,35.6
RED000021,INV003299,FUND028,Institutional,IN_1275,2023-12-05,75.0,7521843.0,Approved,2023-12-20,7521843.0,,46.7
RED000022,INV000623,FUND006,ClassB,CB_5628,2023-10-07,25.0,368030.0,Rejected,2023-10-16,0.0,Exceeds annual redemption limit,6.2
RED000023,INV000781,FUND007,Institutional,IN_8882,2022-02-11,100.0,3381410.0,Approved,2022-03-17,3381410.0,,18.8
RED000024,INV003221,FUND028,ClassA,CA_7156,2022-04-28,100.0,135019.0,Pending,,,,8.8
RED000025,INV002154,FUND019,ClassA,CA_2425,2024-11-30,25.0,95067.0,Approved,2025-01-06,95067.0,,26.1
RED000026,INV003513,FUND030,ClassB,CB_5685,2024-03-30,25.0,366867.0,Pending,,,,5.6
RED000027,INV000873,FUND008,Institutional,IN_1926,2024-10-15,100.0,14596000.0,Pending,,,,7.2
RED000028,INV001274,FUND011,Institutional,IN_7366,2024-11-27,75.0,5565035.0,Pending,,,,15.5
RED000029,INV001957,FUND017,Institutional,IN_3580,2024-12-19,100.0,4109243.0,Rejected,2025-01-08,0.0,Insufficient holding period,6.0
RED000030,INV003415,FUND029,Institutional,IN_4794,2024-10-15,50.0,3675531.0,Rejected,2024-10-24,0.0,Inadequate notice period,2.3
RED000031,INV001253,FUND011,ClassB,CB_3070,2021-05-08,25.0,53530.0,Approved,2021-06-14,53530.0,,1.5
RED000032,INV000012,FUND001,ClassA,CA_7411,2023-09-21,25.0,86706.0,Pending,,,,3.0
RED000033,INV001673,FUND015,ClassA,CA_7813,2024-11-06,100.0,223907.0,Rejected,2024-11-21,0.0,Below minimum redemption threshold,2.7
RED000034,INV000006,FUND001,ClassA,CA_2231,2024-11-02,50.0,369800.0,Pending,,,,9.0
RED000035,INV002233,FUND019,Institutional,IN_5201,2023-08-26,25.0,734971.0,Approved,2023-10-05,734971.0,,12.0
RED000036,INV000325,FUND003,Institutional,IN_5883,2024-07-24,75.0,1505840.0,Rejected,2024-08-21,0.0,Insufficient holding period,21.6
RED000037,INV002339,FUND020,Institutional,IN_1442,2024-06-16,75.0,11316298.0,Pending,,,,2.7
RED000038,INV002870,FUND025,ClassA,CA_3582,2024-07-14,50.0,218517.0,Pending,,,,3.9
RED000039,INV001660,FUND015,ClassA,CA_4131,2024-10-19,75.0,310660.0,Rejected,2024-11-04,0.0,Documentation incomplete,1.1
RED000040,INV001890,FUND017,ClassA,CA_2226,2024-04-30,75.0,435617.0,Pending,,,,26.2
RED000041,INV001717,FUND015,ClassB,CB_4867,2021-12-30,100.0,1829967.0,Rejected,2022-01-16,0.0,Fund gate limit exceeded,2.3
RED000042,INV001827,FUND016,ClassB,CB_1287,2024-07-30,100.0,1550945.0,Rejected,2024-08-21,0.0,Investment period restriction,49.8
RED000043,INV001695,FUND015,ClassB,CB_4554,2023-02-06,50.0,503478.0,Approved,2023-03-16,503478.0,,8.0
RED000044,INV001688,FUND015,ClassA,CA_4131,2021-08-24,50.0,119402.0,Rejected,2021-09-19,0.0,Below minimum redemption threshold,6.5
RED000045,INV002948,FUND025,Institutional,IN_9352,2023-11-01,50.0,2001766.0,Rejected,2023-11-15,0.0,Below minimum redemption threshold,25.3
RED000046,INV001311,FUND012,ClassA,CA_3276,2021-08-28,100.0,293688.0,Pending,,,,16.8
RED000047,INV002947,FUND025,Institutional,IN_3084,2023-12-31,50.0,742830.0,Rejected,2024-01-20,0.0,Inadequate notice period,4.3
RED000048,INV000709,FUND007,ClassA,CA_9459,2024-02-15,50.0,314703.0,Pending,,,,4.5
RED000049,INV002226,FUND019,Institutional,IN_5569,2024-10-12,100.0,2407508.0,Rejected,2024-11-03,0.0,Documentation incomplete,10.8
RED000050,INV001946,FUND017,ClassB,CB_8281,2023-12-14,50.0,811854.0,Pending,,,,11.4
RED000051,INV001634,FUND014,Institutional,IN_8792,2024-04-15,25.0,1768350.0,Approved,2024-05-14,1768350.0,,5.3
RED000052,INV003271,FUND028,ClassB,CB_4993,2024-08-28,75.0,284042.0,Approved,2024-09-23,284042.0,,3.2
RED000053,INV002932,FUND025,Institutional,IN_6742,2023-12-26,25.0,940898.0,Rejected,2024-01-09,0.0,Inadequate notice period,2.2
RED000054,INV001092,FUND010,ClassB,CB_7459,2025-01-11,50.0,265580.0,Pending,,,,1.0
RED000055,INV001439,FUND013,ClassA,CA_1532,2023-07-22,75.0,53881.0,Rejected,2023-07-30,0.0,Inadequate notice period,4.6
RED000056,INV002439,FUND021,ClassB,CB_2762,2024-03-11,50.0,1155175.0,Pending,,,,7.3
RED000057,INV000629,FUND006,ClassB,CB_3649,2021-06-25,25.0,458271.0,Rejected,2021-07-15,0.0,Market stress deferral,6.1
RED000058,INV002016,FUND018,ClassA,CA_1850,2022-10-19,50.0,288818.0,Pending,,,,33.3
RED000059,INV000263,FUND003,ClassB,CB_2917,2024-10-15,75.0,702491.0,Pending,,,,44.1
RED000060,INV001699,FUND015,ClassB,CB_7904,2024-05-11,25.0,295516.0,Approved,2024-06-03,295516.0,,45.5
RED000061,INV003392,FUND029,ClassB,CB_9228,2021-02-11,50.0,846087.0,Rejected,2021-02-23,0.0,Insufficient holding period,6.5
RED000062,INV000518,FUND005,ClassB,CB_1929,2024-11-02,75.0,564586.0,Approved,2024-12-07,564586.0,,7.0
RED000063,INV002829,FUND024,Institutional,IN_3162,2023-04-17,50.0,2099966.0,Pending,,,,14.7
RED000064,INV001046,FUND010,ClassA,CA_7541,2024-12-23,75.0,398317.0,Rejected,2024-12-31,0.0,Inadequate notice period,9.8
RED000065,INV001575,FUND014,ClassB,CB_9522,2021-03-30,75.0,314328.0,Rejected,2021-04-27,0.0,Inadequate notice period,10.0
RED000066,INV003465,FUND030,ClassA,CA_6213,2024-12-20,75.0,216346.0,Pending,,,,21.2
RED000067,INV001282,FUND011,Institutional,IN_8046,2023-09-08,25.0,2175393.0,Rejected,2023-09-15,0.0,Documentation incomplete,27.1
RED000068,INV003428,FUND029,Institutional,IN_4794,2023-08-02,50.0,4226794.0,Pending,,,,20.8
RED000069,INV000773,FUND007,Institutional,IN_7095,2020-12-23,50.0,1874369.0,Pending,,,,9.0
RED000070,INV002786,FUND024,ClassA,CA_2576,2020-04-28,50.0,161599.0,Pending,,,,1.8
RED000071,INV002931,FUND025,Institutional,IN_3084,2024-01-09,100.0,5490750.0,Rejected,2024-01-20,0.0,Documentation incomplete,42.8
RED000072,INV001417,FUND013,ClassA,CA_3940,2024-08-08,25.0,48477.0,Rejected,2024-08-17,0.0,Documentation incomplete,11.6
RED000073,INV001739,FUND015,Institutional,IN_6582,2023-02-15,75.0,2807960.0,Rejected,2023-03-11,0.0,Documentation incomplete,3.4
RED000074,INV002618,FUND023,ClassA,CA_9249,2024-09-01,75.0,475845.0,Pending,,,,19.2
RED000075,INV002727,FUND023,Institutional,IN_7724,2024-10-12,50.0,7502001.0,Rejected,2024-10-19,0.0,Inadequate notice period,3.7
RED000076,INV002516,FUND022,ClassB,CB_9245,2024-11-11,100.0,1765276.0,Rejected,2024-12-06,0.0,Market stress deferral,23.9
RED000077,INV001845,FUND016,Institutional,IN_7670,2024-01-16,75.0,1278690.0,Rejected,2024-01-30,0.0,Below minimum redemption threshold,2.9
RED000078,INV000752,FUND007,ClassB,CB_4878,2024-02-02,25.0,521254.0,Pending,,,,1.4
RED000079,INV003229,FUND028,ClassA,CA_4189,2024-11-16,50.0,59387.0,Pending,,,,14.7
RED000080,INV000391,FUND004,ClassB,CB_5095,2020-10-14,50.0,933675.0,Rejected,2020-11-11,0.0,Investment period restriction,5.4
RED000081,INV000541,FUND005,Institutional,IN_2221,2024-12-15,50.0,3264735.0,Pending,,,,3.7
RED000082,INV001899,FUND017,ClassA,CA_3391,2024-10-05,100.0,130056.0,Pending,,,,9.8
RED000083,INV002198,FUND019,ClassB,CB_7664,2023-02-04,50.0,248247.0,Rejected,2023-02-20,0.0,Insufficient holding period,2.7
RED000084,INV001583,FUND014,ClassB,CB_8688,2024-12-18,75.0,812302.0,Pending,,,,40.3
RED000085,INV000996,FUND009,ClassB,CB_8976,2023-05-20,100.0,594889.0,Pending,,,,25.0
RED000086,INV002854,FUND025,ClassA,CA_3582,2022-06-26,25.0,151126.0,Pending,,,,6.9
RED000087,INV000849,FUND008,ClassB,CB_6680,2024-08-07,50.0,344530.0,Rejected,2024-08-19,0.0,Insufficient holding period,4.3
RED000088,INV001965,FUND017,Institutional,IN_1045,2022-09-12,100.0,5697310.0,Pending,,,,5.9
RED000089,INV003084,FUND027,ClassA,CA_2878,2023-06-15,50.0,16606.0,Approved,2023-07-15,16606.0,,30.6
RED000090,INV001472,FUND013,ClassB,CB_5998,2023-12-21,100.0,1390139.0,Pending,,,,2.7
RED000091,INV000433,FUND004,Institutional,IN_7129,2024-07-26,100.0,5399553.0,Approved,2024-08-19,5399553.0,,45.4
RED000092,INV001574,FUND014,ClassB,CB_8688,2023-01-25,25.0,232467.0,Rejected,2023-02-24,0.0,Exceeds annual redemption limit,2.4
RED000093,INV002443,FUND021,Institutional,IN_1027,2024-05-03,50.0,1444188.0,Approved,2024-05-20,1444188.0,,27.9
RED000094,INV001474,FUND013,ClassB,CB_5539,2024-12-26,100.0,2118772.0,Rejected,2025-01-21,0.0,Fund gate limit exceeded,3.1
RED000095,INV002121,FUND018,Institutional,IN_4076,2024-05-15,25.0,463173.0,Approved,2024-06-16,463173.0,,41.4
RED000096,INV003452,FUND030,ClassA,CA_1114,2024-08-20,75.0,289777.0,Rejected,2024-09-12,0.0,Insufficient holding period,12.5
RED000097,INV000054,FUND001,ClassB,CB_1476,2023-02-16,100.0,2005664.0,Pending,,,,5.6
RED000098,INV003338,FUND029,ClassA,CA_9452,2023-06-10,25.0,39581.0,Pending,,,,13.5
RED000099,INV002101,FUND018,Institutional,IN_7008,2022-11-02,75.0,7041702.0,Rejected,2022-11-09,0.0,Insufficient holding period,15.9
RED000100,INV003240,FUND028,ClassA,CA_4189,2023-07-16,50.0,44705.0,Pending,,,,18.2
RED000101,INV001546,FUND014,ClassA,CA_6773,2022-09-23,100.0,407063.0,Rejected,2022-10-09,0.0,Exceeds annual redemption limit,11.4
RED000102,INV003239,FUND028,ClassA,CA_4189,2024-09-10,100.0,140158.0,Approved,2024-10-24,140158.0,,4.8
RED000103,INV000155,FUND002,ClassB,CB_2556,2023-05-12,25.0,287934.0,Approved,2023-05-31,287934.0,,36.6
RED000104,INV003464,FUND030,ClassA,CA_1114,2021-03-30,25.0,90848.0,Rejected,2021-04-06,0.0,Fund gate limit exceeded,9.1
RED000105,INV003146,FUND027,ClassB,CB_9044,2023-07-20,25.0,282570.0,Pending,,,,15.2
RED000106,INV002131,FUND018,Institutional,IN_7038,2024-08-14,25.0,941830.0,Pending,,,,3.0
RED000107,INV000189,FUND002,ClassB,CB_8181,2024-09-03,50.0,773784.0,Pending,,,,13.9
RED000108,INV003170,FUND027,Institutional,IN_4359,2022-09-25,50.0,1244525.0,Approved,2022-10-22,1244525.0,,16.9
RED000109,INV001572,FUND014,ClassB,CB_8688,2024-03-22,25.0,331635.0,Rejected,2024-04-04,0.0,Market stress deferral,9.6
RED000110,INV000450,FUND005,ClassA,CA_6322,2023-10-25,75.0,255762.0,Rejected,2023-11-05,0.0,Below minimum redemption threshold,14.6
RED000111,INV002366,FUND021,ClassA,CA_9588,2023-09-14,50.0,255829.0,Pending,,,,32.2
RED000112,INV002219,FUND019,Institutional,IN_6484,2024-01-17,50.0,5446120.0,Pending,,,,9.5
RED000113,INV003197,FUND027,Institutional,IN_4359,2023-01-07,75.0,4961127.0,Pending,,,,12.5
RED000114,INV000104,FUND001,Institutional,IN_7207,2024-02-26,25.0,1685149.0,Pending,,,,18.9
RED000115,INV000934,FUND009,ClassA,CA_1307,2023-05-15,50.0,343560.0,Pending,,,,33.5
RED000116,INV000279,FUND003,ClassB,CB_2917,2024-12-29,25.0,516395.0,Rejected,2025-01-15,0.0,Fund gate limit exceeded,5.5
RED000117,INV001994,FUND017,Institutional,IN_1045,2024-01-20,75.0,8540178.0,Rejected,2024-02-02,0.0,Investment period restriction,15.0
RED000118,INV002210,FUND019,Institutional,IN_6484,2024-03-18,50.0,3362285.0,Approved,2024-04-26,3362285.0,,32.7
RED000119,INV002248,FUND020,ClassA,CA_9449,2024-11-04,100.0,70709.0,Pending,,,,23.9
RED000120,INV002789,FUND024,ClassB,CB_7587,2022-10-06,50.0,88917.0,Rejected,2022-10-15,0.0,Inadequate notice period,31.6
RED000121,INV000455,FUND005,ClassA,CA_4848,2020-10-14,75.0,60638.0,Rejected,2020-11-10,0.0,Fund gate limit exceeded,2.9
RED000122,INV000975,FUND009,ClassB,CB_9207,2023-08-26,50.0,1408784.0,Rejected,2023-09-08,0.0,Documentation incomplete,1.8
RED000123,INV000255,FUND003,ClassA,CA_3923,2024-10-26,75.0,213761.0,Rejected,2024-11-16,0.0,Inadequate notice period,2.7
RED000124,INV000939,FUND009,ClassA,CA_9670,2024-09-04,100.0,195038.0,Approved,2024-10-01,195038.0,,40.2
RED000125,INV002415,FUND021,ClassB,CB_2762,2022-11-10,50.0,256325.0,Approved,2022-11-30,256325.0,,18.5
RED000126,INV001884,FUND016,Institutional,IN_7670,2024-08-15,25.0,1396437.0,Pending,,,,13.7
RED000127,INV001065,FUND010,ClassA,CA_4736,2023-11-06,50.0,130831.0,Approved,2023-12-19,130831.0,,35.3
RED000128,INV000636,FUND006,ClassB,CB_3649,2024-11-24,75.0,1212714.0,Rejected,2024-12-21,0.0,Investment period restriction,6.6
RED000129,INV003079,FUND027,ClassA,CA_1415,2024-03-26,25.0,114646.0,Pending,,,,10.5
RED000130,INV001167,FUND010,Institutional,IN_8712,2023-09-19,50.0,999991.0,Pending,,,,10.7
RED000131,INV003536,FUND030,Institutional,IN_3376,2022-10-09,75.0,1612065.0,Rejected,2022-10-27,0.0,Documentation incomplete,25.8
RED000132,INV003188,FUND027,Institutional,IN_4359,2024-07-22,25.0,427676.0,Approved,2024-08-23,427676.0,,16.9
RED000133,INV002868,FUND025,ClassA,CA_2002,2024-12-29,50.0,305597.0,Rejected,2025-01-11,0.0,Investment period restriction,10.5
RED000134,INV000789,FUND007,Institutional,IN_7095,2024-06-28,50.0,549682.0,Pending,,,,44.4
RED000135,INV001367,FUND012,ClassB,CB_2992,2024-05-12,50.0,220615.0,Pending,,,,27.3
RED000136,INV001374,FUND012,ClassB,CB_2992,2024-12-25,50.0,231631.0,Pending,,,,9.9
RED000137,INV001758,FUND016,ClassA,CA_8033,2024-08-16,25.0,92768.0,Pending,,,,6.0
RED000138,INV001897,FUND017,ClassA,CA_9062,2022-10-24,25.0,80768.0,Approved,2022-11-15,80768.0,,29.9
RED000139,INV001738,FUND015,Institutional,IN_8502,2024-04-28,75.0,3006693.0,Rejected,2024-05-07,0.0,Fund gate limit exceeded,3.0
RED000140,INV000041,FUND001,ClassB,CB_1476,2023-06-18,25.0,251847.0,Pending,,,,22.1
RED000141,INV000113,FUND001,Institutional,IN_8046,2023-09-11,50.0,2986773.0,Rejected,2023-09-27,0.0,Documentation incomplete,21.2
RED000142,INV001408,FUND012,Institutional,IN_6648,2023-03-04,100.0,6294759.0,Approved,2023-04-10,6294759.0,,17.0
RED000143,INV003320,FUND028,Institutional,IN_1275,2024-10-09,50.0,1383622.0,Rejected,2024-11-05,0.0,Insufficient holding period,5.8
RED000144,INV000803,FUND007,Institutional,IN_7095,2021-03-23,50.0,3612210.0,Pending,,,,1.1
RED000145,INV003270,FUND028,ClassB,CB_4993,2022-08-02,100.0,1074795.0,Rejected,2022-08-12,0.0,Investment period restriction,29.7
RED000146,INV002209,FUND019,Institutional,IN_6484,2024-11-15,75.0,4005130.0,Approved,2024-12-02,4005130.0,,51.9
RED000147,INV002530,FUND022,ClassB,CB_5337,2021-11-27,25.0,184839.0,Pending,,,,15.2
RED000148,INV000737,FUND007,ClassB,CB_8947,2024-09-20,100.0,2634762.0,Rejected,2024-09-27,0.0,Insufficient holding period,2.4
RED000149,INV000367,FUND004,ClassA,CA_4906,2023-01-09,50.0,268668.0,Rejected,2023-01-19,0.0,Below minimum redemption threshold,6.2
RED000150,INV002678,FUND023,ClassB,CB_6878,2021-02-26,50.0,563315.0,Pending,,,,11.4
RED000151,INV002795,FUND024,ClassB,CB_3461,2022-05-19,100.0,951524.0,Pending,,,,14.6
RED000152,INV003135,FUND027,ClassB,CB_9044,2024-11-05,75.0,411703.0,Rejected,2024-11-28,0.0,Market stress deferral,2.9
RED000153,INV000638,FUND006,ClassB,CB_5628,2024-11-15,75.0,829105.0,Approved,2024-12-18,829105.0,,44.9
RED000154,INV001882,FUND016,Institutional,IN_6121,2024-11-16,100.0,13211794.0,Rejected,2024-12-04,0.0,Investment period restriction,4.4
RED000155,INV000082,FUND001,Institutional,IN_3012,2022-06-02,25.0,2237835.0,Pending,,,,5.5
RED000156,INV003006,FUND026,ClassB,CB_3228,2024-07-26,100.0,1846315.0,Rejected,2024-08-15,0.0,Investment period restriction,10.4
RED000157,INV002211,FUND019,Institutional,IN_5569,2023-09-06,100.0,9643047.0,Pending,,,,4.8
RED000158,INV000676,FUND006,Institutional,IN_4679,2023-07-12,25.0,1899293.0,Rejected,2023-07-19,0.0,Documentation incomplete,4.3
RED000159,INV000051,FUND001,ClassB,CB_8169,2024-02-21,75.0,1375016.0,Approved,2024-03-19,1375016.0,,42.5
RED000160,INV001541,FUND014,ClassA,CA_7164,2021-01-04,75.0,90345.0,Pending,,,,8.2
RED000161,INV001887,FUND017,ClassA,CA_2226,2023-07-28,25.0,83866.0,Pending,,,,23.0
RED000162,INV002985,FUND026,ClassA,CA_5455,2022-12-12,25.0,89017.0,Rejected,2023-01-01,0.0,Market stress deferral,12.3
RED000163,INV000079,FUND001,Institutional,IN_5930,2023-04-07,50.0,3452816.0,Pending,,,,21.6
RED000164,INV001175,FUND011,ClassA,CA_3461,2024-11-28,100.0,146674.0,Approved,2024-12-27,146674.0,,7.8
RED000165,INV001500,FUND013,Institutional,IN_3121,2022-11-13,75.0,2322080.0,Approved,2022-12-01,2322080.0,,27.5
RED000166,INV000846,FUND008,ClassB,CB_8048,2024-11-10,25.0,353827.0,Pending,,,,4.0
RED000167,INV002267,FUND020,ClassA,CA_6204,2025-01-23,50.0,271805.0,Rejected,2025-02-21,0.0,Documentation incomplete,1.0
RED000168,INV000674,FUND006,Institutional,IN_4679,2024-10-12,75.0,6301458.0,Rejected,2024-10-28,0.0,Inadequate notice period,30.1
RED000169,INV003176,FUND027,Institutional,IN_2737,2024-03-03,50.0,4409185.0,Pending,,,,28.0
RED000170,INV000121,FUND002,ClassA,CA_7363,2024-10-11,75.0,147947.0,Pending,,,,10.4
RED000171,INV002991,FUND026,ClassA,CA_6648,2024-07-25,100.0,242791.0,Approved,2024-08-24,242791.0,,24.2
RED000172,INV000559,FUND005,Institutional,IN_8076,2023-02-24,75.0,3083834.0,Rejected,2023-03-08,0.0,Documentation incomplete,33.7
RED000173,INV003210,FUND028,ClassA,CA_7156,2024-10-12,75.0,177576.0,Pending,,,,16.9
RED000174,INV001291,FUND011,Institutional,IN_5579,2022-08-21,100.0,5390329.0,Pending,,,,1.8
RED000175,INV001848,FUND016,Institutional,IN_7925,2023-07-10,100.0,7582034.0,Approved,2023-07-24,7582034.0,,37.4
RED000176,INV002331,FUND020,Institutional,IN_2618,2022-12-05,25.0,1611741.0,Approved,2023-01-10,1611741.0,,28.9
RED000177,INV000705,FUND007,ClassA,CA_4738,2023-11-08,75.0,466716.0,Pending,,,,9.8
RED000178,INV003523,FUND030,Institutional,IN_1370,2022-04-04,25.0,1208456.0,Pending,,,,16.9
RED000179,INV000435,FUND004,Institutional,IN_7129,2022-07-26,50.0,5482408.0,Approved,2022-08-24,5482408.0,,16.0
RED000180,INV003115,FUND027,ClassA,CA_2878,2022-05-03,75.0,152442.0,Pending,,,,21.4
RED000181,INV001234,FUND011,ClassB,CB_3109,2024-07-01,75.0,682104.0,Pending,,,,9.5
RED000182,INV001826,FUND016,ClassB,CB_1287,2021-07-03,75.0,776056.0,Rejected,2021-07-31,0.0,Fund gate limit exceeded,1.9
RED000183,INV001270,FUND011,Institutional,IN_4942,2023-06-01,75.0,6856968.0,Pending,,,,14.7
RED000184,INV000538,FUND005,ClassB,CB_1929,2022-04-08,75.0,1466559.0,Pending,,,,7.4
RED000185,INV000425,FUND004,Institutional,IN_4720,2023-09-24,25.0,535361.0,Approved,2023-11-02,535361.0,,4.7
RED000186,INV001157,FUND010,Institutional,IN_1381,2024-07-28,75.0,4803461.0,Pending,,,,32.9
RED000187,INV000304,FUND003,Institutional,IN_6835,2022-05-13,100.0,1363022.0,Approved,2022-06-12,1363022.0,,9.1
RED000188,INV002912,FUND025,ClassB,CB_6537,2023-04-20,50.0,690991.0,Rejected,2023-04-28,0.0,Documentation incomplete,35.1
RED000189,INV000522,FUND005,ClassB,CB_1929,2024-01-28,50.0,289606.0,Approved,2024-03-03,289606.0,,36.1
RED000190,INV003480,FUND030,ClassB,CB_2375,2020-03-22,100.0,851517.0,Rejected,2020-04-10,0.0,Investment period restriction,1.7
RED000191,INV003277,FUND028,ClassB,CB_3306,2024-06-04,50.0,489286.0,Pending,,,,4.7
RED000192,INV002352,FUND020,Institutional,IN_1442,2021-03-04,75.0,1837547.0,Approved,2021-04-04,1837547.0,,10.7
RED000193,INV000262,FUND003,ClassB,CB_3442,2022-05-14,25.0,115870.0,Rejected,2022-05-29,0.0,Inadequate notice period,6.2
RED000194,INV000384,FUND004,ClassB,CB_8572,2023-09-09,25.0,293730.0,Pending,,,,32.2
RED000195,INV002770,FUND024,ClassA,CA_7865,2024-09-05,75.0,181223.0,Approved,2024-09-29,181223.0,,22.4
RED000196,INV002605,FUND023,ClassA,CA_8003,2022-10-28,100.0,413866.0,Rejected,2022-11-07,0.0,Exceeds annual redemption limit,8.7
RED000197,INV002133,FUND018,Institutional,IN_7008,2024-12-23,100.0,7611835.0,Pending,,,,1.6
RED000198,INV002279,FUND020,ClassA,CA_1301,2024-04-02,25.0,115884.0,Pending,,,,32.3
RED000199,INV000120,FUND002,ClassA,CA_4857,2024-12-06,75.0,84827.0,Rejected,2024-12-19,0.0,Fund gate limit exceeded,3.2
RED000200,INV001337,FUND012,ClassB,CB_9063,2024-09-27,25.0,441098.0,Pending,,,,49.4
RED000201,INV000998,FUND009,ClassB,CB_6052,2024-10-08,75.0,946833.0,Pending,,,,29.4
RED000202,INV000430,FUND004,Institutional,IN_8375,2024-12-20,25.0,2091154.0,Pending,,,,2.3
RED000203,INV000070,FUND001,ClassB,CB_1476,2024-04-26,100.0,1289224.0,Rejected,2024-05-08,0.0,Market stress deferral,10.5
RED000204,INV003154,FUND027,ClassB,CB_9044,2024-11-15,75.0,449219.0,Rejected,2024-11-22,0.0,Documentation incomplete,5.2
RED000205,INV002321,FUND020,ClassB,CB_5868,2024-09-01,75.0,1360883.0,Pending,,,,19.5
RED000206,INV003022,FUND026,ClassB,CB_3228,2022-06-17,75.0,1059873.0,Pending,,,,2.1
RED000207,INV003397,FUND029,Institutional,IN_4794,2024-11-14,100.0,5223518.0,Rejected,2024-12-05,0.0,Below minimum redemption threshold,2.4
RED000208,INV000288,FUND003,ClassB,CB_5854,2024-12-03,75.0,946920.0,Pending,,,,43.2
RED000209,INV002783,FUND024,ClassA,CA_4990,2024-12-29,100.0,521806.0,Pending,,,,32.4
RED000210,INV002959,FUND025,Institutional,IN_6742,2021-12-15,100.0,7067380.0,Pending,,,,3.1
RED000211,INV002052,FUND018,ClassB,CB_6331,2024-07-09,50.0,395869.0,Pending,,,,3.7
RED000212,INV001010,FUND009,Institutional,IN_8367,2024-09-30,25.0,1957974.0,Rejected,2024-10-17,0.0,Documentation incomplete,50.1
RED000213,INV000824,FUND008,ClassA,CA_3063,2023-10-18,25.0,172520.0,Pending,,,,5.0
RED000214,INV003276,FUND028,ClassB,CB_8773,2023-01-28,25.0,244839.0,Pending,,,,13.7
RED000215,INV002862,FUND025,ClassA,CA_8778,2024-08-12,50.0,122331.0,Pending,,,,15.0
RED000216,INV000968,FUND009,ClassB,CB_9949,2024-07-31,50.0,877683.0,Rejected,2024-08-21,0.0,Exceeds annual redemption limit,17.3
RED000217,INV000132,FUND002,ClassA,CA_6530,2023-07-23,75.0,273375.0,Pending,,,,13.8
RED000218,INV000448,FUND004,Institutional,IN_4720,2024-11-14,25.0,1334945.0,Pending,,,,19.2
RED000219,INV000787,FUND007,Institutional,IN_8882,2024-05-04,75.0,1510851.0,Pending,,,,29.6
RED000220,INV000725,FUND007,ClassA,CA_4738,2023-07-02,100.0,321785.0,Rejected,2023-07-15,0.0,Insufficient holding period,25.2
RED000221,INV002389,FUND021,ClassA,CA_4295,2024-06-30,25.0,94718.0,Approved,2024-08-04,94718.0,,51.4
RED000222,INV002525,FUND022,ClassB,CB_7788,2023-09-19,50.0,890307.0,Rejected,2023-09-27,0.0,Documentation incomplete,10.7
RED000223,INV003017,FUND026,ClassB,CB_7917,2021-05-04,100.0,1476350.0,Rejected,2021-06-03,0.0,Fund gate limit exceeded,10.9
RED000224,INV001770,FUND016,ClassA,CA_9316,2022-10-06,100.0,168789.0,Rejected,2022-10-26,0.0,Market stress deferral,12.0
RED000225,INV001254,FUND011,ClassB,CB_4040,2022-02-11,25.0,584004.0,Rejected,2022-02-27,0.0,Below minimum redemption threshold,23.5
RED000226,INV000769,FUND007,Institutional,IN_7095,2024-03-04,100.0,8497763.0,Approved,2024-04-16,8497763.0,,33.3
RED000227,INV000850,FUND008,ClassB,CB_2602,2022-11-23,50.0,1189013.0,Approved,2022-12-13,1189013.0,,16.3
RED000228,INV002347,FUND020,Institutional,IN_2721,2024-04-16,100.0,8531965.0,Rejected,2024-04-24,0.0,Inadequate notice period,9.9
RED000229,INV001275,FUND011,Institutional,IN_5579,2024-01-30,75.0,5052587.0,Pending,,,,24.2
RED000230,INV002311,FUND020,ClassB,CB_8908,2024-07-14,25.0,397595.0,Pending,,,,16.5
RED000231,INV002802,FUND024,ClassB,CB_3395,2024-12-30,100.0,1193507.0,Rejected,2025-01-17,0.0,Insufficient holding period,3.5
RED000232,INV002655,FUND023,ClassB,CB_6878,2024-02-09,75.0,1832137.0,Approved,2024-03-20,1832137.0,,34.8
RED000233,INV000403,FUND004,ClassB,CB_2477,2021-05-05,100.0,1174118.0,Pending,,,,14.8
RED000234,INV002470,FUND021,Institutional,IN_1027,2021-12-03,50.0,5131607.0,Pending,,,,22.6
RED000235,INV000579,FUND005,Institutional,IN_9301,2023-05-20,75.0,7078011.0,Pending,,,,2.9
RED000236,INV001900,FUND017,ClassA,CA_2226,2024-08-03,50.0,129272.0,Pending,,,,6.6
RED000237,INV001971,FUND017,Institutional,IN_1268,2024-09-07,25.0,2343387.0,Rejected,2024-09-14,0.0,Documentation incomplete,29.2
RED000238,INV003225,FUND028,ClassA,CA_3460,2021-11-12,50.0,152196.0,Pending,,,,5.0
RED000239,INV001339,FUND012,ClassB,CB_8544,2024-07-10,25.0,74859.0,Rejected,2024-08-08,0.0,Documentation incomplete,4.2
RED000240,INV001526,FUND013,Institutional,IN_2473,2024-01-08,50.0,4393684.0,Rejected,2024-02-03,0.0,Below minimum redemption threshold,6.6
RED000241,INV002510,FUND022,ClassB,CB_7788,2022-05-21,100.0,918088.0,Approved,2022-06-24,918088.0,,24.7
RED000242,INV000771,FUND007,Institutional,IN_8882,2022-03-13,75.0,2464653.0,Pending,,,,13.6
RED000243,INV001942,FUND017,ClassB,CB_8281,2024-10-17,50.0,406849.0,Rejected,2024-10-29,0.0,Below minimum redemption threshold,1.0
RED000244,INV003484,FUND030,ClassB,CB_4280,2022-10-05,75.0,1649326.0,Pending,,,,20.1
RED000245,INV000855,FUND008,ClassB,CB_2602,2023-01-15,75.0,1061480.0,Rejected,2023-02-10,0.0,Insufficient holding period,11.1
RED000246,INV000044,FUND001,ClassB,CB_8169,2021-12-01,100.0,2011269.0,Pending,,,,2.8
RED000247,INV000863,FUND008,ClassB,CB_8048,2022-07-18,50.0,224503.0,Pending,,,,28.2
RED000248,INV000836,FUND008,ClassB,CB_2602,2024-11-16,50.0,633995.0,Rejected,2024-12-13,0.0,Documentation incomplete,1.1
RED000249,INV002495,FUND022,ClassA,CA_2983,2024-06-17,50.0,177583.0,Rejected,2024-06-24,0.0,Exceeds annual redemption limit,21.5
RED000250,INV003431,FUND029,Institutional,IN_4794,2024-12-27,100.0,4648685.0,Rejected,2025-01-26,0.0,Investment period restriction,1.4
RED000251,INV003110,FUND027,ClassA,CA_7794,2024-03-13,25.0,62289.0,Pending,,,,23.0
RED000252,INV002842,FUND024,Institutional,IN_6734,2022-02-14,75.0,2623740.0,Pending,,,,23.9
RED000253,INV002926,FUND025,Institutional,IN_8236,2024-11-20,100.0,11660423.0,Rejected,2024-12-16,0.0,Below minimum redemption threshold,47.0
RED000254,INV000597,FUND006,ClassA,CA_1544,2023-11-11,75.0,158604.0,Rejected,2023-11-18,0.0,Documentation incomplete,10.4
RED000255,INV001027,FUND009,Institutional,IN_5487,2024-12-29,25.0,3006222.0,Pending,,,,18.0
RED000256,INV001659,FUND015,ClassA,CA_9929,2024-11-27,75.0,403781.0,Pending,,,,39.4
RED000257,INV001677,FUND015,ClassA,CA_7813,2024-02-15,100.0,225024.0,Rejected,2024-02-22,0.0,Fund gate limit exceeded,9.4
RED000258,INV002008,FUND018,ClassA,CA_3168,2024-09-15,100.0,108526.0,Pending,,,,16.5
RED000259,INV002485,FUND022,ClassA,CA_9411,2023-09-06,100.0,500975.0,Rejected,2023-09-26,0.0,Below minimum redemption threshold,24.6
RED000260,INV002882,FUND025,ClassA,CA_8864,2023-08-07,75.0,69072.0,Rejected,2023-08-16,0.0,Documentation incomplete,10.4
RED000261,INV000965,FUND009,ClassB,CB_9949,2023-10-12,25.0,147629.0,Approved,2023-11-04,147629.0,,12.2
RED000262,INV001647,FUND014,Institutional,IN_1002,2024-11-24,100.0,6246824.0,Approved,2024-12-17,6246824.0,,2.2
RED000263,INV000180,FUND002,ClassB,CB_2556,2024-10-07,100.0,1194868.0,Pending,,,,35.2
RED000264,INV000543,FUND005,Institutional,IN_2221,2023-01-07,100.0,5751718.0,Approved,2023-02-05,5751718.0,,18.6
RED000265,INV001589,FUND014,ClassB,CB_7897,2023-02-22,25.0,344880.0,Pending,,,,4.3
RED000266,INV002427,FUND021,ClassB,CB_1973,2022-10-21,50.0,436098.0,Pending,,,,6.4
RED000267,INV000933,FUND009,ClassA,CA_1307,2023-01-27,50.0,350736.0,Approved,2023-03-07,350736.0,,22.3
RED000268,INV001333,FUND012,ClassB,CB_9058,2024-10-10,75.0,679809.0,Rejected,2024-11-03,0.0,Market stress deferral,16.0
RED000269,INV002103,FUND018,Institutional,IN_6839,2024-06-21,75.0,561837.0,Pending,,,,9.1
RED000270,INV003475,FUND030,ClassA,CA_8173,2022-10-15,100.0,636916.0,Pending,,,,3.0
RED000271,INV002683,FUND023,ClassB,CB_6546,2021-12-16,50.0,956606.0,Rejected,2022-01-06,0.0,Below minimum redemption threshold,16.8
RED000272,INV002760,FUND024,ClassA,CA_2576,2024-08-05,25.0,182331.0,Rejected,2024-09-04,0.0,Exceeds annual redemption limit,9.0
RED000273,INV000795,FUND007,Institutional,IN_4057,2021-05-16,75.0,4849704.0,Rejected,2021-06-05,0.0,Documentation incomplete,3.2
RED000274,INV000193,FUND002,Institutional,IN_1808,2024-09-17,50.0,2072949.0,Rejected,2024-10-14,0.0,Fund gate limit exceeded,13.0
RED000275,INV000018,FUND001,ClassA,CA_6847,2024-11-18,75.0,162932.0,Rejected,2024-12-07,0.0,Fund gate limit exceeded,1.6
RED000276,INV002666,FUND023,ClassB,CB_6878,2024-11-24,50.0,728621.0,Approved,2024-12-09,728621.0,,16.5
RED000277,INV000282,FUND003,ClassB,CB_2554,2021-11-11,25.0,395321.0,Pending,,,,15.8
RED000278,INV002648,FUND023,ClassA,CA_9249,2022-11-04,75.0,117867.0,Rejected,2022-12-01,0.0,Inadequate notice period,24.1
RED000279,INV000544,FUND005,Institutional,IN_2221,2023-05-20,25.0,2097381.0,Rejected,2023-06-01,0.0,Insufficient holding period,5.1
RED000280,INV001521,FUND013,Institutional,IN_3121,2024-06-21,100.0,8618804.0,Rejected,2024-07-02,0.0,Insufficient holding period,1.1
RED000281,INV002224,FUND019,Institutional,IN_6484,2021-12-23,25.0,220737.0,Approved,2022-02-06,220737.0,,13.5
RED000282,INV000672,FUND006,Institutional,IN_4679,2024-11-14,50.0,3533299.0,Approved,2024-12-03,3533299.0,,27.0
RED000283,INV002815,FUND024,ClassB,CB_7587,2023-11-08,50.0,782673.0,Rejected,2023-12-05,0.0,Fund gate limit exceeded,2.5
RED000284,INV002239,FUND020,ClassA,CA_8411,2024-03-13,100.0,64281.0,Approved,2024-04-02,64281.0,,38.7
RED000285,INV003382,FUND029,ClassB,CB_9228,2024-07-12,25.0,113850.0,Rejected,2024-07-24,0.0,Insufficient holding period,2.4
RED000286,INV002047,FUND018,ClassA,CA_1172,2024-08-10,75.0,357953.0,Rejected,2024-08-21,0.0,Fund gate limit exceeded,4.5
RED000287,INV000213,FUND002,Institutional,IN_8876,2024-08-14,50.0,2082875.0,Rejected,2024-08-23,0.0,Exceeds annual redemption limit,5.3
RED000288,INV003128,FUND027,ClassB,CB_9044,2023-07-09,75.0,1488137.0,Rejected,2023-08-08,0.0,Documentation incomplete,1.5
RED000289,INV000557,FUND005,Institutional,IN_8076,2024-11-23,25.0,712321.0,Pending,,,,4.3
RED000290,INV000035,FUND001,ClassA,CA_8483,2024-10-26,75.0,31904.0,Rejected,2024-11-12,0.0,Insufficient holding period,2.4
RED000291,INV003278,FUND028,ClassB,CB_6287,2020-12-07,25.0,521692.0,Approved,2020-12-31,521692.0,,6.0
RED000292,INV001776,FUND016,ClassA,CA_8033,2023-11-06,25.0,42197.0,Rejected,2023-12-05,0.0,Fund gate limit exceeded,1.5
RED000293,INV000883,FUND008,Institutional,IN_7800,2024-04-10,100.0,8691972.0,Rejected,2024-04-26,0.0,Below minimum redemption threshold,23.9
RED000294,INV000574,FUND005,Institutional,IN_9301,2024-08-01,75.0,3807881.0,Rejected,2024-08-08,0.0,Market stress deferral,11.6
RED000295,INV000284,FUND003,ClassB,CB_2554,2024-07-18,25.0,75949.0,Approved,2024-08-15,75949.0,,26.5
RED000296,INV000573,FUND005,Institutional,IN_2221,2024-05-02,50.0,2362640.0,Rejected,2024-06-01,0.0,Insufficient holding period,6.4
RED000297,INV000107,FUND001,Institutional,IN_7207,2024-07-18,25.0,1223956.0,Rejected,2024-08-02,0.0,Exceeds annual redemption limit,2.7
RED000298,INV001097,FUND010,ClassB,CB_6699,2022-01-21,25.0,435534.0,Rejected,2022-02-10,0.0,Below minimum redemption threshold,9.8
RED000299,INV003025,FUND026,ClassB,CB_7284,2022-11-30,25.0,417991.0,Pending,,,,28.5
RED000300,INV000062,FUND001,ClassB,CB_1476,2023-05-15,100.0,1605524.0,Pending,,,,5.6
RED000301,INV003002,FUND026,ClassB,CB_3228,2023-06-15,50.0,739394.0,Approved,2023-07-02,739394.0,,34.6
RED000302,INV002398,FUND021,ClassB,CB_1973,2024-10-10,100.0,1308999.0,Rejected,2024-11-06,0.0,Fund gate limit exceeded,36.0
RED000303,INV000563,FUND005,Institutional,IN_2221,2023-03-19,25.0,519940.0,Rejected,2023-04-02,0.0,Fund gate limit exceeded,12.8
RED000304,INV000966,FUND009,ClassB,CB_9207,2024-09-23,75.0,1146669.0,Approved,2024-10-15,1146669.0,,34.4
RED000305,INV001865,FUND016,Institutional,IN_7351,2024-08-27,100.0,2405290.0,Pending,,,,11.9
RED000306,INV000753,FUND007,ClassB,CB_9787,2020-12-07,25.0,247590.0,Rejected,2020-12-18,0.0,Below minimum redemption threshold,5.8
RED000307,INV000383,FUND004,ClassB,CB_9621,2023-06-24,50.0,1275959.0,Approved,2023-07-12,1275959.0,,4.8
RED000308,INV001429,FUND013,ClassA,CA_3682,2022-07-28,50.0,262407.0,Approved,2022-08-30,262407.0,,23.2
RED000309,INV002580,FUND022,Institutional,IN_6833,2024-07-27,50.0,2388628.0,Rejected,2024-08-26,0.0,Exceeds annual redemption limit,1.2
RED000310,INV001516,FUND013,Institutional,IN_3121,2024-12-20,50.0,795352.0,Rejected,2024-12-27,0.0,Market stress deferral,5.0
RED000311,INV002182,FUND019,ClassB,CB_3838,2021-09-03,100.0,775353.0,Rejected,2021-10-03,0.0,Investment period restriction,16.2
RED000312,INV001870,FUND016,Institutional,IN_7351,2024-11-02,75.0,5420389.0,Pending,,,,44.2
RED000313,INV002469,FUND021,Institutional,IN_4372,2024-12-22,50.0,1804158.0,Pending,,,,6.1
RED000314,INV002108,FUND018,Institutional,IN_5020,2023-11-02,100.0,4082272.0,Pending,,,,39.0
RED000315,INV003505,FUND030,ClassB,CB_4035,2024-06-27,50.0,867146.0,Rejected,2024-07-16,0.0,Inadequate notice period,36.5
RED000316,INV001702,FUND015,ClassB,CB_9963,2022-05-07,25.0,222058.0,Pending,,,,5.9
RED000317,INV000235,FUND003,ClassA,CA_4377,2025-01-07,50.0,24999.0,Rejected,2025-01-29,0.0,Fund gate limit exceeded,1.0
RED000318,INV001869,FUND016,Institutional,IN_8179,2023-09-17,50.0,1366893.0,Pending,,,,14.5
RED000319,INV001714,FUND015,ClassB,CB_4867,2022-12-19,75.0,488784.0,Pending,,,,8.2
RED000320,INV000453,FUND005,ClassA,CA_4848,2024-01-03,25.0,160416.0,Approved,2024-01-24,160416.0,,37.7
RED000321,INV000662,FUND006,Institutional,IN_5508,2023-08-14,75.0,1980442.0,Approved,2023-09-17,1980442.0,,25.6
RED000322,INV000834,FUND008,ClassA,CA_2068,2024-01-18,75.0,295497.0,Rejected,2024-02-13,0.0,Investment period restriction,29.1
RED000323,INV001726,FUND015,Institutional,IN_6582,2021-01-21,25.0,1361326.0,Rejected,2021-02-14,0.0,Below minimum redemption threshold,11.4
RED000324,INV002177,FUND019,ClassB,CB_6613,2023-04-24,100.0,499524.0,Rejected,2023-05-17,0.0,Investment period restriction,10.9
RED000325,INV001527,FUND013,Institutional,IN_8409,2022-04-07,50.0,4408279.0,Pending,,,,5.2
RED000326,INV000407,FUND004,ClassB,CB_9621,2023-07-22,100.0,1992777.0,Pending,,,,7.2
RED000327,INV002299,FUND020,ClassB,CB_4466,2024-12-10,50.0,278606.0,Approved,2024-12-31,278606.0,,3.0
RED000328,INV000551,FUND005,Institutional,IN_9301,2024-12-05,25.0,2174413.0,Approved,2025-01-13,2174413.0,,12.9
RED000329,INV001387,FUND012,Institutional,IN_5949,2024-08-19,50.0,1210424.0,Rejected,2024-09-16,0.0,Documentation incomplete,17.9
RED000330,INV000692,FUND007,ClassA,CA_3836,2023-07-12,25.0,17278.0,Rejected,2023-07-19,0.0,Inadequate notice period,4.9
RED000331,INV001747,FUND015,Institutional,IN_1142,2021-09-13,100.0,4007567.0,Rejected,2021-09-20,0.0,Insufficient holding period,1.3
RED000332,INV002312,FUND020,ClassB,CB_8204,2023-08-11,25.0,301888.0,Rejected,2023-08-23,0.0,Fund gate limit exceeded,1.6
RED000333,INV002206,FUND019,Institutional,IN_5569,2021-05-27,25.0,1113968.0,Rejected,2021-06-06,0.0,Market stress deferral,2.2
RED000334,INV003127,FUND027,ClassB,CB_5467,2023-12-28,50.0,455685.0,Approved,2024-02-07,455685.0,,19.0
RED000335,INV001316,FUND012,ClassA,CA_2357,2024-03-01,75.0,196524.0,Pending,,,,1.2
RED000336,INV003333,FUND029,ClassA,CA_9452,2022-09-24,25.0,17302.0,Rejected,2022-10-06,0.0,Market stress deferral,15.4
RED000337,INV000013,FUND001,ClassA,CA_7411,2021-03-16,75.0,211519.0,Rejected,2021-03-29,0.0,Exceeds annual redemption limit,5.4
RED000338,INV001628,FUND014,Institutional,IN_3667,2024-11-04,50.0,5611717.0,Rejected,2024-11-22,0.0,Documentation incomplete,7.7
RED000339,INV001853,FUND016,Institutional,IN_7351,2024-06-14,25.0,1555521.0,Approved,2024-07-28,1555521.0,,6.2
RED000340,INV001809,FUND016,ClassB,CB_1287,2023-02-16,25.0,237887.0,Approved,2023-03-08,237887.0,,26.6
RED000341,INV003445,FUND030,ClassA,CA_1114,2023-10-31,25.0,129899.0,Approved,2023-11-24,129899.0,,27.0
RED000342,INV002502,FUND022,ClassA,CA_2983,2022-07-11,25.0,24236.0,Rejected,2022-08-03,0.0,Insufficient holding period,4.4
RED000343,INV000681,FUND006,Institutional,IN_7349,2021-03-19,75.0,4623629.0,Rejected,2021-03-31,0.0,Investment period restriction,7.7
RED000344,INV001951,FUND017,ClassB,CB_8281,2022-11-08,50.0,149959.0,Approved,2022-11-22,149959.0,,12.1
RED000345,INV001998,FUND017,Institutional,IN_9915,2024-05-22,50.0,1020976.0,Approved,2024-06-30,1020976.0,,49.9
RED000346,INV001470,FUND013,ClassB,CB_5539,2024-06-30,50.0,620749.0,Approved,2024-07-22,620749.0,,36.7
RED000347,INV002781,FUND024,ClassA,CA_2576,2024-12-15,75.0,255066.0,Rejected,2025-01-09,0.0,Fund gate limit exceeded,1.5
RED000348,INV001176,FUND011,ClassA,CA_9166,2023-03-25,25.0,18174.0,Pending,,,,36.3
RED000349,INV002394,FUND021,ClassB,CB_2762,2024-05-25,50.0,1213634.0,Rejected,2024-06-23,0.0,Insufficient holding period,35.8
RED000350,INV001619,FUND014,Institutional,IN_3667,2024-05-24,100.0,1209175.0,Rejected,2024-06-02,0.0,Inadequate notice period,9.1
RED000351,INV002641,FUND023,ClassA,CA_6143,2022-01-27,25.0,70391.0,Approved,2022-03-12,70391.0,,24.3
RED000352,INV002824,FUND024,Institutional,IN_6734,2024-12-08,75.0,1619780.0,Pending,,,,1.1
RED000353,INV000500,FUND005,ClassB,CB_7662,2022-05-01,25.0,484002.0,Approved,2022-06-05,484002.0,,25.4
RED000354,INV002529,FUND022,ClassB,CB_5337,2024-06-22,75.0,1716342.0,Approved,2024-07-23,1716342.0,,26.9
RED000355,INV001610,FUND014,ClassB,CB_7897,2024-01-29,25.0,316143.0,Pending,,,,4.9
RED000356,INV003235,FUND028,ClassA,CA_3460,2021-09-16,75.0,449749.0,Rejected,2021-09-25,0.0,Market stress deferral,6.0
RED000357,INV000172,FUND002,ClassB,CB_8181,2023-04-01,100.0,2286138.0,Rejected,2023-04-11,0.0,Documentation incomplete,1.4
RED000358,INV000440,FUND004,Institutional,IN_7129,2024-09-13,50.0,987587.0,Rejected,2024-10-11,0.0,Documentation incomplete,3.2
RED000359,INV002017,FUND018,ClassA,CA_1850,2024-10-18,75.0,118374.0,Pending,,,,45.3
RED000360,INV001138,FUND010,Institutional,IN_8278,2022-09-19,25.0,552930.0,Pending,,,,12.8
RED000361,INV000620,FUND006,ClassB,CB_3324,2021-11-24,75.0,577500.0,Approved,2021-12-16,577500.0,,21.2
RED000362,INV000967,FUND009,ClassB,CB_5111,2023-08-16,100.0,1007344.0,Pending,,,,16.7
RED000363,INV003117,FUND027,ClassB,CB_9044,2023-06-23,50.0,159963.0,Rejected,2023-07-13,0.0,Investment period restriction,1.0
RED000364,INV003086,FUND027,ClassA,CA_4227,2024-04-12,25.0,69793.0,Pending,,,,4.3
RED000365,INV001564,FUND014,ClassB,CB_7897,2023-11-14,50.0,565338.0,Pending,,,,10.2
RED000366,INV002780,FUND024,ClassA,CA_9840,2024-07-23,25.0,58052.0,Approved,2024-08-24,58052.0,,22.1
RED000367,INV003407,FUND029,Institutional,IN_4794,2024-02-15,75.0,1847555.0,Rejected,2024-03-06,0.0,Inadequate notice period,14.3
RED000368,INV000627,FUND006,ClassB,CB_5628,2024-04-13,100.0,2000042.0,Rejected,2024-05-12,0.0,Investment period restriction,36.8
RED000369,INV000694,FUND007,ClassA,CA_7511,2021-09-29,100.0,306016.0,Rejected,2021-10-18,0.0,Fund gate limit exceeded,8.1
RED000370,INV002181,FUND019,ClassB,CB_1194,2023-02-19,25.0,77054.0,Rejected,2023-03-21,0.0,Fund gate limit exceeded,13.4
RED000371,INV003067,FUND026,Institutional,IN_7673,2022-11-05,50.0,2122488.0,Pending,,,,33.0
RED000372,INV003406,FUND029,Institutional,IN_6622,2022-08-10,25.0,469528.0,Rejected,2022-08-31,0.0,Below minimum redemption threshold,15.8
RED000373,INV001923,FUND017,ClassA,CA_3391,2022-12-14,75.0,264972.0,Approved,2023-01-22,264972.0,,25.1
RED000374,INV002507,FUND022,ClassA,CA_9411,2023-11-28,50.0,295837.0,Pending,,,,15.3
RED000375,INV001649,FUND014,Institutional,IN_3667,2024-06-24,75.0,11262956.0,Rejected,2024-07-21,0.0,Fund gate limit exceeded,2.0
RED000376,INV000782,FUND007,Institutional,IN_8882,2022-11-27,100.0,4040263.0,Approved,2023-01-02,4040263.0,,33.7
RED000377,INV003544,FUND030,Institutional,IN_4845,2024-10-18,25.0,810954.0,Rejected,2024-11-04,0.0,Documentation incomplete,56.9
RED000378,INV001481,FUND013,ClassB,CB_5539,2024-12-02,75.0,510296.0,Rejected,2024-12-23,0.0,Documentation incomplete,18.0
RED000379,INV003498,FUND030,ClassB,CB_2534,2024-12-01,50.0,534553.0,Approved,2025-01-01,534553.0,,47.1
RED000380,INV002455,FUND021,Institutional,IN_1027,2024-04-25,75.0,3689550.0,Rejected,2024-05-06,0.0,Exceeds annual redemption limit,1.2
RED000381,INV001740,FUND015,Institutional,IN_1142,2023-09-16,25.0,1079446.0,Rejected,2023-10-02,0.0,Inadequate notice period,41.3
RED000382,INV001652,FUND014,Institutional,IN_1002,2023-07-14,100.0,1264537.0,Rejected,2023-08-07,0.0,Investment period restriction,5.7
RED000383,INV000327,FUND003,Institutional,IN_6146,2022-11-13,25.0,1891479.0,Rejected,2022-11-29,0.0,Fund gate limit exceeded,32.9
RED000384,INV000268,FUND003,ClassB,CB_8027,2023-09-08,25.0,292521.0,Rejected,2023-09-27,0.0,Market stress deferral,1.5
RED000385,INV001051,FUND010,ClassA,CA_4736,2023-12-23,50.0,216096.0,Approved,2024-01-20,216096.0,,43.5
RED000386,INV001278,FUND011,Institutional,IN_1477,2024-07-16,50.0,5135100.0,Approved,2024-08-17,5135100.0,,53.9
RED000387,INV003060,FUND026,Institutional,IN_4488,2024-07-24,25.0,2129843.0,Rejected,2024-08-12,0.0,Inadequate notice period,3.1
RED000388,INV002374,FUND021,ClassA,CA_1058,2023-04-10,25.0,69423.0,Rejected,2023-04-28,0.0,Market stress deferral,11.0
RED000389,INV002091,FUND018,ClassB,CB_4672,2023-03-26,75.0,563046.0,Approved,2023-05-03,563046.0,,19.2
RED000390,INV000102,FUND001,Institutional,IN_9476,2024-08-21,25.0,645117.0,Pending,,,,18.1
RED000391,INV002478,FUND022,ClassA,CA_8646,2022-01-13,75.0,209337.0,Rejected,2022-01-26,0.0,Exceeds annual redemption limit,11.4
RED000392,INV002050,FUND018,ClassB,CB_5906,2023-08-11,50.0,191672.0,Approved,2023-09-14,191672.0,,33.8
RED000393,INV000251,FUND003,ClassA,CA_5420,2023-12-29,50.0,142345.0,Rejected,2024-01-10,0.0,Inadequate notice period,14.3
RED000394,INV001722,FUND015,Institutional,IN_6582,2024-11-10,100.0,1038607.0,Pending,,,,2.5
RED000395,INV000071,FUND001,ClassB,CB_7781,2021-05-02,50.0,513297.0,Rejected,2021-05-12,0.0,Investment period restriction,5.5
RED000396,INV002037,FUND018,ClassA,CA_3168,2024-07-27,25.0,166252.0,Approved,2024-08-29,166252.0,,42.6
RED000397,INV001287,FUND011,Institutional,IN_1477,2024-11-18,100.0,7771630.0,Pending,,,,23.8
RED000398,INV002498,FUND022,ClassA,CA_8646,2024-09-24,75.0,341202.0,Pending,,,,20.1
RED000399,INV000296,FUND003,Institutional,IN_2023,2024-04-08,50.0,2177428.0,Rejected,2024-05-04,0.0,Exceeds annual redemption limit,8.5
RED000400,INV000815,FUND008,ClassA,CA_1730,2024-12-07,50.0,175027.0,Rejected,2025-01-03,0.0,Inadequate notice period,16.9
RED000401,INV000900,FUND008,Institutional,IN_6618,2023-01-17,50.0,3925566.0,Pending,,,,9.7
RED000402,INV001937,FUND017,ClassB,CB_8281,2024-08-18,50.0,505670.0,Approved,2024-09-02,505670.0,,9.9
RED000403,INV000504,FUND005,ClassB,CB_1929,2023-03-30,50.0,548363.0,Rejected,2023-04-06,0.0,Documentation incomplete,6.0
RED000404,INV002737,FUND023,Institutional,IN_7249,2021-10-25,100.0,5752182.0,Pending,,,,2.5
RED000405,INV000697,FUND007,ClassA,CA_3836,2023-04-09,100.0,539697.0,Rejected,2023-05-06,0.0,Below minimum redemption threshold,34.1
RED000406,INV000439,FUND004,Institutional,IN_4720,2024-05-20,50.0,1280993.0,Rejected,2024-06-03,0.0,Fund gate limit exceeded,4.4
RED000407,INV003014,FUND026,ClassB,CB_3228,2022-12-06,75.0,939482.0,Rejected,2022-12-23,0.0,Below minimum redemption threshold,4.0
RED000408,INV001786,FUND016,ClassA,CA_9316,2024-06-25,50.0,149320.0,Approved,2024-07-10,149320.0,,14.1
RED000409,INV002919,FUND025,ClassB,CB_1751,2021-12-16,25.0,344392.0,Rejected,2022-01-12,0.0,Insufficient holding period,20.7
RED000410,INV001340,FUND012,ClassB,CB_2992,2024-05-21,75.0,968222.0,Rejected,2024-06-06,0.0,Market stress deferral,9.6
RED000411,INV001166,FUND010,Institutional,IN_8712,2021-11-05,50.0,4844725.0,Pending,,,,3.0
RED000412,INV000582,FUND005,Institutional,IN_8076,2024-02-12,50.0,2330943.0,Rejected,2024-03-11,0.0,Exceeds annual redemption limit,25.1
RED000413,INV003070,FUND026,Institutional,IN_5735,2024-08-13,75.0,3371822.0,Rejected,2024-08-28,0.0,Market stress deferral,10.6
RED000414,INV000040,FUND001,ClassA,CA_6847,2024-09-08,25.0,66820.0,Rejected,2024-09-15,0.0,Documentation incomplete,25.9
RED000415,INV002461,FUND021,Institutional,IN_2275,2022-08-16,25.0,544070.0,Pending,,,,19.0
RED000416,INV001144,FUND010,Institutional,IN_1381,2024-12-07,25.0,1560853.0,Pending,,,,41.8
RED000417,INV000521,FUND005,ClassB,CB_6469,2023-12-03,100.0,1063896.0,Rejected,2024-01-01,0.0,Exceeds annual redemption limit,7.5
RED000418,INV002624,FUND023,ClassA,CA_9249,2024-12-13,100.0,79507.0,Approved,2025-01-12,79507.0,,14.9
RED000419,INV001991,FUND017,Institutional,IN_1261,2022-07-19,25.0,376803.0,Rejected,2022-08-13,0.0,Fund gate limit exceeded,3.4
RED000420,INV001889,FUND017,ClassA,CA_3391,2022-09-22,75.0,225482.0,Rejected,2022-10-15,0.0,Insufficient holding period,11.9
RED000421,INV003285,FUND028,Institutional,IN_5657,2023-06-06,75.0,5665323.0,Pending,,,,9.3
RED000422,INV001437,FUND013,ClassA,CA_3682,2022-08-13,50.0,264303.0,Rejected,2022-08-21,0.0,Below minimum redemption threshold,16.9
RED000423,INV001286,FUND011,Institutional,IN_9816,2024-11-01,25.0,418427.0,Rejected,2024-11-30,0.0,Inadequate notice period,2.8
RED000424,INV000458,FUND005,ClassA,CA_4848,2024-01-09,75.0,416027.0,Pending,,,,7.5
RED000425,INV001931,FUND017,ClassB,CB_9009,2024-03-11,50.0,885609.0,Rejected,2024-03-30,0.0,Market stress deferral,4.6
RED000426,INV000072,FUND001,ClassB,CB_4418,2022-03-27,100.0,1515861.0,Rejected,2022-04-08,0.0,Exceeds annual redemption limit,6.2
RED000427,INV002196,FUND019,ClassB,CB_8443,2024-04-03,100.0,1025425.0,Pending,,,,35.6
RED000428,INV001377,FUND012,Institutional,IN_4728,2023-08-14,50.0,2935247.0,Approved,2023-09-11,2935247.0,,43.3
RED000429,INV002204,FUND019,Institutional,IN_5569,2022-06-26,25.0,619884.0,Rejected,2022-07-25,0.0,Fund gate limit exceeded,8.9
RED000430,INV002827,FUND024,Institutional,IN_8423,2024-11-07,50.0,5231150.0,Approved,2024-12-06,5231150.0,,50.8
RED000431,INV001035,FUND009,Institutional,IN_4962,2024-11-21,25.0,2359141.0,Rejected,2024-11-29,0.0,Market stress deferral,36.0
RED000432,INV003463,FUND030,ClassA,CA_6213,2024-12-27,75.0,209808.0,Pending,,,,18.2
RED000433,INV002867,FUND025,ClassA,CA_3582,2024-10-31,75.0,189484.0,Approved,2024-11-22,189484.0,,35.3
RED000434,INV000349,FUND004,ClassA,CA_8298,2022-05-09,25.0,11338.0,Approved,2022-06-01,11338.0,,27.2
RED000435,INV002481,FUND022,ClassA,CA_9411,2023-12-17,75.0,65229.0,Approved,2024-01-17,65229.0,,25.2
RED000436,INV001879,FUND016,Institutional,IN_4612,2023-03-01,100.0,7138164.0,Approved,2023-03-20,7138164.0,,2.0
RED000437,INV001731,FUND015,Institutional,IN_6582,2022-08-09,50.0,5539561.0,Approved,2022-09-05,5539561.0,,28.9
RED000438,INV003124,FUND027,ClassB,CB_9118,2022-01-13,50.0,178290.0,Approved,2022-02-15,178290.0,,22.9
RED000439,INV000802,FUND007,Institutional,IN_8882,2024-09-05,50.0,6148789.0,Rejected,2024-09-14,0.0,Insufficient holding period,6.3
RED000440,INV002213,FUND019,Institutional,IN_5201,2022-02-02,25.0,1696342.0,Rejected,2022-02-13,0.0,Insufficient holding period,5.7
RED000441,INV000710,FUND007,ClassA,CA_4338,2024-01-25,100.0,117101.0,Pending,,,,32.8
RED000442,INV003054,FUND026,Institutional,IN_1172,2020-04-19,50.0,2201499.0,Rejected,2020-05-10,0.0,Investment period restriction,2.6
RED000443,INV002289,FUND020,ClassB,CB_5868,2024-12-12,50.0,919396.0,Rejected,2025-01-09,0.0,Inadequate notice period,1.1
RED000444,INV000297,FUND003,Institutional,IN_2023,2024-06-01,100.0,2729787.0,Pending,,,,18.1
RED000445,INV001816,FUND016,ClassB,CB_1218,2024-09-18,75.0,335745.0,Approved,2024-10-09,335745.0,,26.4
RED000446,INV003329,FUND029,ClassA,CA_3494,2024-08-01,75.0,159042.0,Pending,,,,16.9
RED000447,INV000868,FUND008,ClassB,CB_6433,2024-09-24,100.0,1570174.0,Pending,,,,54.6
RED000448,INV001705,FUND015,ClassB,CB_3832,2024-10-07,75.0,1693248.0,Approved,2024-11-13,1693248.0,,2.9
RED000449,INV001380,FUND012,Institutional,IN_3282,2024-08-08,25.0,1616783.0,Rejected,2024-08-25,0.0,Below minimum redemption threshold,5.2
RED000450,INV002706,FUND023,Institutional,IN_1698,2022-12-10,75.0,5861845.0,Approved,2022-12-31,5861845.0,,22.2
RED000451,INV001103,FUND010,ClassB,CB_5906,2023-02-25,100.0,1148492.0,Rejected,2023-03-15,0.0,Insufficient holding period,8.9
RED000452,INV000057,FUND001,ClassB,CB_2000,2024-01-28,100.0,2037935.0,Rejected,2024-02-18,0.0,Documentation incomplete,41.1
RED000453,INV001111,FUND010,ClassB,CB_2983,2024-09-29,25.0,203996.0,Rejected,2024-10-07,0.0,Fund gate limit exceeded,1.6
RED000454,INV001927,FUND017,ClassB,CB_8281,2024-03-27,50.0,429400.0,Rejected,2024-04-16,0.0,Market stress deferral,3.3
RED000455,INV002292,FUND020,ClassB,CB_5133,2024-05-07,50.0,1029265.0,Rejected,2024-05-25,0.0,Documentation incomplete,8.8
RED000456,INV001336,FUND012,ClassB,CB_9058,2024-12-15,75.0,1011128.0,Pending,,,,6.0
RED000457,INV002159,FUND019,ClassA,CA_2425,2022-12-02,100.0,213562.0,Rejected,2022-12-25,0.0,Exceeds annual redemption limit,5.0
RED000458,INV000864,FUND008,ClassB,CB_2602,2022-09-11,100.0,2446744.0,Approved,2022-10-09,2446744.0,,12.8
RED000459,INV003534,FUND030,Institutional,IN_3376,2022-09-21,75.0,9223202.0,Rejected,2022-09-29,0.0,Insufficient holding period,9.7
RED000460,INV001040,FUND009,Institutional,IN_8367,2023-09-16,75.0,1523640.0,Rejected,2023-09-30,0.0,Fund gate limit exceeded,3.1
RED000461,INV000015,FUND001,ClassA,CA_2231,2024-10-09,75.0,248401.0,Pending,,,,1.9
RED000462,INV003432,FUND029,Institutional,IN_4237,2024-07-04,100.0,8126262.0,Pending,,,,2.0
RED000463,INV000364,FUND004,ClassA,CA_3639,2024-12-14,100.0,625254.0,Approved,2025-01-15,625254.0,,33.4
RED000464,INV001867,FUND016,Institutional,IN_4612,2024-07-09,25.0,674600.0,Rejected,2024-07-24,0.0,Inadequate notice period,3.2
RED000465,INV001517,FUND013,Institutional,IN_8409,2024-11-07,75.0,3473038.0,Rejected,2024-11-18,0.0,Below minimum redemption threshold,6.1
RED000466,INV000347,FUND004,ClassA,CA_8298,2024-10-01,100.0,296682.0,Rejected,2024-10-28,0.0,Fund gate limit exceeded,4.4
RED000467,INV002600,FUND022,Institutional,IN_9087,2021-01-01,100.0,2035138.0,Rejected,2021-01-23,0.0,Investment period restriction,10.6
RED000468,INV003095,FUND027,ClassA,CA_4925,2024-12-16,75.0,182876.0,Pending,,,,4.3
RED000469,INV002777,FUND024,ClassA,CA_9840,2024-08-02,100.0,215119.0,Pending,,,,21.2
RED000470,INV001265,FUND011,Institutional,IN_5579,2024-04-26,25.0,2385558.0,Rejected,2024-05-14,0.0,Inadequate notice period,20.2
RED000471,INV003524,FUND030,Institutional,IN_5729,2024-05-15,50.0,2994144.0,Approved,2024-05-31,2994144.0,,39.4
RED000472,INV000758,FUND007,ClassB,CB_8947,2020-06-08,75.0,315807.0,Rejected,2020-06-16,0.0,Investment period restriction,3.2
RED000473,INV002621,FUND023,ClassA,CA_6143,2024-09-18,25.0,77947.0,Rejected,2024-10-18,0.0,Below minimum redemption threshold,3.9
RED000474,INV000022,FUND001,ClassA,CA_2494,2023-10-09,25.0,129447.0,Pending,,,,24.2
RED000475,INV000432,FUND004,Institutional,IN_4720,2021-12-20,75.0,9288675.0,Approved,2022-02-02,9288675.0,,4.2
RED000476,INV001633,FUND014,Institutional,IN_3305,2024-01-18,25.0,997472.0,Rejected,2024-02-09,0.0,Insufficient holding period,7.3
RED000477,INV000211,FUND002,Institutional,IN_8876,2022-08-10,100.0,3902368.0,Approved,2022-08-29,3902368.0,,19.4
RED000478,INV001834,FUND016,ClassB,CB_1008,2022-08-26,50.0,745427.0,Pending,,,,14.4
RED000479,INV000512,FUND005,ClassB,CB_2445,2024-07-10,25.0,337563.0,Pending,,,,2.1
RED000480,INV000205,FUND002,Institutional,IN_4237,2024-09-18,50.0,3718644.0,Approved,2024-10-03,3718644.0,,39.9
RED000481,INV000256,FUND003,ClassA,CA_4377,2022-05-03,100.0,380784.0,Rejected,2022-05-29,0.0,Documentation incomplete,12.4
RED000482,INV000635,FUND006,ClassB,CB_5628,2024-06-09,50.0,329260.0,Approved,2024-07-13,329260.0,,23.9
RED000483,INV002222,FUND019,Institutional,IN_5569,2024-09-16,100.0,2294429.0,Pending,,,,14.7
RED000484,INV003380,FUND029,ClassB,CB_9228,2023-04-07,100.0,1176396.0,Rejected,2023-05-01,0.0,Fund gate limit exceeded,20.6
RED000485,INV002933,FUND025,Institutional,IN_9352,2022-10-26,75.0,8047741.0,Approved,2022-12-08,8047741.0,,27.3
RED000486,INV001571,FUND014,ClassB,CB_7897,2024-05-11,75.0,1129371.0,Rejected,2024-05-27,0.0,Documentation incomplete,36.3
RED000487,INV003208,FUND028,ClassA,CA_4189,2025-01-28,25.0,97886.0,Pending,,,,1.0
RED000488,INV000418,FUND004,Institutional,IN_8375,2024-08-14,50.0,2964157.0,Approved,2024-08-31,2964157.0,,42.7
RED000489,INV003346,FUND029,ClassA,CA_3494,2024-05-25,100.0,184370.0,Pending,,,,7.7
RED000490,INV001917,FUND017,ClassA,CA_3391,2024-09-02,50.0,135217.0,Rejected,2024-09-12,0.0,Insufficient holding period,11.2
RED000491,INV000308,FUND003,Institutional,IN_6835,2024-10-21,100.0,6455845.0,Approved,2024-11-14,6455845.0,,45.4
RED000492,INV000245,FUND003,ClassA,CA_5420,2022-06-07,75.0,79888.0,Rejected,2022-07-07,0.0,Inadequate notice period,5.5
RED000493,INV000749,FUND007,ClassB,CB_4878,2024-09-25,100.0,735875.0,Rejected,2024-10-06,0.0,Investment period restriction,10.0
RED000494,INV003207,FUND028,ClassA,CA_1716,2024-12-19,75.0,472704.0,Rejected,2024-12-27,0.0,Inadequate notice period,1.5
RED000495,INV003140,FUND027,ClassB,CB_5467,2024-09-08,25.0,343445.0,Approved,2024-09-26,343445.0,,42.7
RED000496,INV000372,FUND004,ClassB,CB_9621,2024-11-08,25.0,299884.0,Rejected,2024-11-28,0.0,Fund gate limit exceeded,3.0
RED000497,INV001625,FUND014,Institutional,IN_6968,2021-08-04,100.0,8990809.0,Approved,2021-09-07,8990809.0,,16.9
RED000498,INV002297,FUND020,ClassB,CB_6029,2024-12-23,50.0,1332148.0,Rejected,2025-01-11,0.0,Exceeds annual redemption limit,6.1
RED000499,INV001326,FUND012,ClassA,CA_8357,2024-10-10,75.0,149715.0,Rejected,2024-10-26,0.0,Fund gate limit exceeded,44.3
RED000500,INV000532,FUND005,ClassB,CB_1929,2022-02-20,50.0,634572.0,Rejected,2022-03-04,0.0,Inadequate notice period,23.7
RED000501,INV001246,FUND011,ClassB,CB_3070,2024-08-08,100.0,358888.0,Pending,,,,37.4
RED000502,INV000799,FUND007,Institutional,IN_7095,2024-06-03,75.0,2446840.0,Rejected,2024-06-19,0.0,Exceeds annual redemption limit,11.1
RED000503,INV000404,FUND004,ClassB,CB_8572,2024-11-28,50.0,232787.0,Pending,,,,10.3
RED000504,INV000970,FUND009,ClassB,CB_9949,2024-11-09,100.0,240235.0,Approved,2024-12-21,240235.0,,46.7
RED000505,INV002494,FUND022,ClassA,CA_8646,2024-03-07,50.0,125448.0,Rejected,2024-04-03,0.0,Documentation incomplete,23.9
RED000506,INV001525,FUND013,Institutional,IN_8409,2025-01-20,50.0,1056632.0,Approved,2025-02-06,1056632.0,,1.0
RED000507,INV000513,FUND005,ClassB,CB_1929,2022-10-06,50.0,568530.0,Rejected,2022-10-20,0.0,Exceeds annual redemption limit,5.6
RED000508,INV002942,FUND025,Institutional,IN_6742,2022-06-29,100.0,15880077.0,Rejected,2022-07-15,0.0,Documentation incomplete,27.1
RED000509,INV001008,FUND009,Institutional,IN_2856,2024-03-25,50.0,5495954.0,Pending,,,,14.1
RED000510,INV002232,FUND019,Institutional,IN_5201,2023-07-03,75.0,4769764.0,Approved,2023-08-03,4769764.0,,22.2
RED000511,INV003104,FUND027,ClassA,CA_1415,2023-09-12,25.0,68777.0,Rejected,2023-09-22,0.0,Insufficient holding period,17.2
RED000512,INV000036,FUND001,ClassA,CA_7411,2023-09-20,50.0,68263.0,Approved,2023-10-30,68263.0,,14.1
RED000513,INV001210,FUND011,ClassA,CA_2238,2023-05-27,25.0,57742.0,Rejected,2023-06-21,0.0,Below minimum redemption threshold,6.9
RED000514,INV003295,FUND028,Institutional,IN_2928,2024-12-07,50.0,6273011.0,Pending,,,,27.5
RED000515,INV001373,FUND012,ClassB,CB_9058,2021-09-01,25.0,725742.0,Approved,2021-09-17,725742.0,,17.7
RED000516,INV003172,FUND027,Institutional,IN_2737,2024-12-01,75.0,3855542.0,Approved,2024-12-19,3855542.0,,4.3
RED000517,INV002591,FUND022,Institutional,IN_8928,2024-03-21,25.0,1062060.0,Rejected,2024-04-03,0.0,Investment period restriction,7.1
RED000518,INV001458,FUND013,ClassB,CB_5539,2021-07-18,50.0,596967.0,Rejected,2021-08-09,0.0,Inadequate notice period,17.3
RED000519,INV002044,FUND018,ClassA,CA_3168,2023-10-24,50.0,124722.0,Rejected,2023-11-03,0.0,Documentation incomplete,6.4
RED000520,INV000981,FUND009,ClassB,CB_6365,2020-12-06,25.0,350881.0,Rejected,2021-01-04,0.0,Inadequate notice period,2.7
RED000521,INV001765,FUND016,ClassA,CA_9316,2022-12-10,75.0,180206.0,Pending,,,,25.1
RED000522,INV001641,FUND014,Institutional,IN_1002,2021-02-23,75.0,2928413.0,Rejected,2021-03-19,0.0,Below minimum redemption threshold,9.2
RED000523,INV002338,FUND020,Institutional,IN_2721,2021-04-28,100.0,1815517.0,Rejected,2021-05-09,0.0,Insufficient holding period,14.6
RED000524,INV000429,FUND004,Institutional,IN_4720,2024-02-16,100.0,5367962.0,Rejected,2024-02-27,0.0,Investment period restriction,17.5
RED000525,INV002421,FUND021,ClassB,CB_2762,2022-09-13,50.0,142367.0,Rejected,2022-09-25,0.0,Exceeds annual redemption limit,2.7
RED000526,INV001693,FUND015,ClassB,CB_4049,2023-11-13,50.0,176693.0,Rejected,2023-11-27,0.0,Documentation incomplete,5.1
RED000527,INV000470,FUND005,ClassA,CA_2308,2024-10-27,75.0,269797.0,Rejected,2024-11-06,0.0,Fund gate limit exceeded,22.1
RED000528,INV001563,FUND014,ClassA,CA_5984,2024-12-04,25.0,63724.0,Approved,2024-12-29,63724.0,,31.8
RED000529,INV001772,FUND016,ClassA,CA_9316,2024-12-09,25.0,105125.0,Approved,2024-12-30,105125.0,,20.5
RED000530,INV001170,FUND010,Institutional,IN_1381,2023-04-07,25.0,2716752.0,Rejected,2023-04-26,0.0,Documentation incomplete,18.7
RED000531,INV000493,FUND005,ClassA,CA_6322,2024-03-20,50.0,47837.0,Rejected,2024-04-17,0.0,Fund gate limit exceeded,4.3
RED000532,INV000688,FUND007,ClassA,CA_9638,2020-10-03,75.0,411981.0,Rejected,2020-10-22,0.0,Exceeds annual redemption limit,8.2
RED000533,INV000770,FUND007,Institutional,IN_7095,2023-04-29,25.0,1473325.0,Rejected,2023-05-11,0.0,Inadequate notice period,5.3
RED000534,INV001024,FUND009,Institutional,IN_2856,2023-12-04,25.0,3453519.0,Approved,2024-01-18,3453519.0,,1.6
RED000535,INV000146,FUND002,ClassB,CB_3460,2021-12-30,25.0,317486.0,Rejected,2022-01-22,0.0,Documentation incomplete,22.7
RED000536,INV001256,FUND011,ClassB,CB_3795,2023-06-12,100.0,743333.0,Pending,,,,14.1
RED000537,INV000797,FUND007,Institutional,IN_7095,2022-09-02,50.0,1509928.0,Pending,,,,17.1
RED000538,INV002459,FUND021,Institutional,IN_1649,2024-03-17,25.0,286249.0,Pending,,,,12.0
RED000539,INV003495,FUND030,ClassB,CB_8662,2023-12-07,50.0,652180.0,Rejected,2023-12-31,0.0,Fund gate limit exceeded,7.0
RED000540,INV000572,FUND005,Institutional,IN_9301,2023-11-17,25.0,771818.0,Rejected,2023-11-28,0.0,Market stress deferral,5.6
RED000541,INV001406,FUND012,Institutional,IN_5777,2022-04-13,50.0,2278583.0,Rejected,2022-05-06,0.0,Documentation incomplete,25.4
RED000542,INV003163,FUND027,Institutional,IN_4359,2022-10-30,75.0,3421015.0,Rejected,2022-11-22,0.0,Exceeds annual redemption limit,31.8
RED000543,INV001591,FUND014,ClassB,CB_8688,2024-01-27,100.0,776228.0,Approved,2024-02-27,776228.0,,14.7
RED000544,INV000592,FUND006,ClassA,CA_7926,2021-07-05,100.0,79763.0,Approved,2021-08-17,79763.0,,17.4
RED000545,INV001130,FUND010,Institutional,IN_4970,2024-11-28,100.0,4946324.0,Approved,2024-12-19,4946324.0,,58.5
RED000546,INV000472,FUND005,ClassA,CA_6322,2023-12-12,25.0,83673.0,Pending,,,,15.8
RED000547,INV001319,FUND012,ClassA,CA_8357,2024-10-01,100.0,98724.0,Pending,,,,14.2
RED000548,INV000438,FUND004,Institutional,IN_8375,2024-11-16,50.0,2630278.0,Rejected,2024-12-16,0.0,Insufficient holding period,2.2
RED000549,INV000188,FUND002,ClassB,CB_2556,2025-07-27,50.0,750078.5,Pending,,,,62.5
